QUOTE_TRANSCRIPTION,ANCHOR,TYPE,URI,VOCAB_LABEL,LAT,LNG,PLACE_TYPE,CITATION,RELATIONSHIP (ALLY/ENEMY),DATE,LOCATION PRECISION 
Aborigines,char-offset:1378,PEOPLE,,,,,,"1,1",,1200 B.C.,NO
Aborigines,char-offset:3155,PEOPLE,,,,,,"1,2",,1200 B.C.,NO
Aborigines,char-offset:3527,PEOPLE,,,,,,"1,2",,1200 B.C.,NO
Aborigines,char-offset:4022,PEOPLE,,,,,,"1,2",,1200 B.C.,NO
Aborigines,char-offset:4253,PEOPLE,,,,,,"1,2",,1200 B.C.,NO
Achivi,char-offset:172,PEOPLE,http://sws.geonames.org/6697800,Central Greece,38.65232257,22.827046,,"1,1",,1200 B.C.,YES
Actium,char-offset:49435,PLACE,http://pleiades.stoa.org/places/530771,"Actium|Actium/Apollo Aktios, Aktio",38.9509,20.7683,"shrine,monument","1,19",,710 B.C.,YES
Adriatic,char-offset:441,PLACE,http://pleiades.stoa.org/places/1046,Ionium Mare,39.03244648,19.67486108,water-open,"1,1",,1200 B.C.,YES
Aequi,char-offset:144493,PEOPLE,http://pleiades.stoa.org/places/422822,Aequi,42.0215935,13.16497,people,"1,53",,530 B.C.,YES
Aequi,char-offset:148182,PEOPLE,http://pleiades.stoa.org/places/422822,Aequi,42.0215935,13.16497,people,"1,55",,520 B.C.,YES
Aequicoli,char-offset:88340,PLACE,http://pleiades.stoa.org/places/413001,"Aequiculi|Nersae/Aequiculi, Civitella di Nesce, Pescorocchiano",42.208353,13.17791,"settlement-modern,settlement","1,32",,625 B.C.,YES
Alba,char-offset:51766,PLACE,http://pleiades.stoa.org/places/422824,"Alba Longa?|Alba Longa?, Castel Gandolfo",41.746447,12.65048,settlement,"1,20",,710 B.C.,YES
Alba,char-offset:56319,PLACE,http://pleiades.stoa.org/places/422824,"Alba Longa?|Alba Longa?, Castel Gandolfo",41.746447,12.65048,settlement,"1,22",,710 B.C.,YES
Alba,char-offset:57756,PLACE,http://pleiades.stoa.org/places/422824,"Alba Longa?|Alba Longa?, Castel Gandolfo",41.746447,12.65048,settlement,"1,23",,670 B.C.,YES
Alba,char-offset:57832,PLACE,http://pleiades.stoa.org/places/422824,"Alba Longa?|Alba Longa?, Castel Gandolfo",41.746447,12.65048,settlement,"1,23",,670 B.C.,YES
Alba,char-offset:58657,PLACE,http://pleiades.stoa.org/places/422824,"Alba Longa?|Alba Longa?, Castel Gandolfo",41.746447,12.65048,settlement,"1,23",,670 B.C.,YES
Alba,char-offset:59114,PLACE,http://pleiades.stoa.org/places/422824,"Alba Longa?|Alba Longa?, Castel Gandolfo",41.746447,12.65048,settlement,"1,23",,670 B.C.,YES
Alba,char-offset:63129,PLACE,http://pleiades.stoa.org/places/422824,"Alba Longa?|Alba Longa?, Castel Gandolfo",41.746447,12.65048,settlement,"1,24",,670 B.C.,YES
Alba,char-offset:63159,PLACE,http://pleiades.stoa.org/places/422824,"Alba Longa?|Alba Longa?, Castel Gandolfo",41.746447,12.65048,settlement,"1,24",,670 B.C.,YES
Alba,char-offset:67686,PLACE,http://pleiades.stoa.org/places/422824,"Alba Longa?|Alba Longa?, Castel Gandolfo",41.746447,12.65048,settlement,"1,25",,670 B.C.,YES
Alba,char-offset:71967,PLACE,http://pleiades.stoa.org/places/422824,"Alba Longa?|Alba Longa?, Castel Gandolfo",41.746447,12.65048,settlement,"1,27",,670 B.C.,YES
Alba,char-offset:72885,PLACE,http://pleiades.stoa.org/places/422824,"Alba Longa?|Alba Longa?, Castel Gandolfo",41.746447,12.65048,settlement,"1,27",,670 B.C.,YES
Alba,char-offset:77293,PLACE,http://pleiades.stoa.org/places/422824,"Alba Longa?|Alba Longa?, Castel Gandolfo",41.746447,12.65048,settlement,"1,28",,670 B.C.,YES
Alba,char-offset:80971,PLACE,http://pleiades.stoa.org/places/422824,"Alba Longa?|Alba Longa?, Castel Gandolfo",41.746447,12.65048,settlement,"1,29",,650 B.C.,YES
Alba,char-offset:6018,PLACE,http://pleiades.stoa.org/places/422824,"Alba Longa?|Alba Longa?, Castel Gandolfo",41.746447,12.65048,settlement,"1,3",,1200-800 B.C.,YES
Alba,char-offset:6915,PLACE,http://pleiades.stoa.org/places/422824,"Alba Longa?|Alba Longa?, Castel Gandolfo",41.746447,12.65048,settlement,"1,3",,1200-800 B.C.,YES
Alba,char-offset:81097,PLACE,http://pleiades.stoa.org/places/422824,"Alba Longa?|Alba Longa?, Castel Gandolfo",41.746447,12.65048,settlement,"1,30",,650 B.C.,YES
Alba,char-offset:82664,PLACE,http://pleiades.stoa.org/places/422824,"Alba Longa?|Alba Longa?, Castel Gandolfo",41.746447,12.65048,settlement,"1,30",,650 B.C.,YES
Alba,char-offset:140964,PLACE,http://pleiades.stoa.org/places/422824,"Alba Longa?|Alba Longa?, Castel Gandolfo",41.746447,12.65048,settlement,"1,52",,530 B.C.,YES
Alba,char-offset:13318,PLACE,http://pleiades.stoa.org/places/422824,"Alba Longa?|Alba Longa?, Castel Gandolfo",41.746447,12.65048,settlement,"1,6",,,YES
Alba,char-offset:13611,PLACE,http://pleiades.stoa.org/places/422824,"Alba Longa?|Alba Longa?, Castel Gandolfo",41.746447,12.65048,settlement,"1,6",,,YES
Alba Longa,char-offset:6126,PLACE,http://pleiades.stoa.org/places/422824,"Alba Longa?|Alba Longa?, Castel Gandolfo",41.746447,12.65048,settlement,"1,3",,1200-800 B.C.,YES
Alban,char-offset:56224,PEOPLE,http://pleiades.stoa.org/places/422824,"Alba Longa?|Alba Longa?, Castel Gandolfo",41.746447,12.65048,settlement,"1,22",,710 B.C.,YES
Alban,char-offset:56249,PEOPLE,http://pleiades.stoa.org/places/422824,"Alba Longa?|Alba Longa?, Castel Gandolfo",41.746447,12.65048,settlement,"1,22",,710 B.C.,YES
Alban,char-offset:56501,PEOPLE,http://pleiades.stoa.org/places/422824,"Alba Longa?|Alba Longa?, Castel Gandolfo",41.746447,12.65048,settlement,"1,22",,710 B.C.,YES
Alban,char-offset:56593,PEOPLE,http://pleiades.stoa.org/places/422824,"Alba Longa?|Alba Longa?, Castel Gandolfo",41.746447,12.65048,settlement,"1,22",,710 B.C.,YES
Alban,char-offset:56778,PEOPLE,http://pleiades.stoa.org/places/422824,"Alba Longa?|Alba Longa?, Castel Gandolfo",41.746447,12.65048,settlement,"1,22",,710 B.C.,YES
Alban,char-offset:56902,PEOPLE,http://pleiades.stoa.org/places/422824,"Alba Longa?|Alba Longa?, Castel Gandolfo",41.746447,12.65048,settlement,"1,22",,710 B.C.,YES
Alban,char-offset:58280,PEOPLE,http://pleiades.stoa.org/places/422824,"Alba Longa?|Alba Longa?, Castel Gandolfo",41.746447,12.65048,settlement,"1,23",,670 B.C.,YES
Alban,char-offset:58404,PEOPLE,http://pleiades.stoa.org/places/422824,"Alba Longa?|Alba Longa?, Castel Gandolfo",41.746447,12.65048,settlement,"1,23",,670 B.C.,YES
Alban,char-offset:58767,PEOPLE,http://pleiades.stoa.org/places/422824,"Alba Longa?|Alba Longa?, Castel Gandolfo",41.746447,12.65048,settlement,"1,23",,670 B.C.,YES
Alban,char-offset:59411,PEOPLE,http://pleiades.stoa.org/places/422824,"Alba Longa?|Alba Longa?, Castel Gandolfo",41.746447,12.65048,settlement,"1,23",,670 B.C.,YES
Alban,char-offset:62251,PEOPLE,http://pleiades.stoa.org/places/422824,"Alba Longa?|Alba Longa?, Castel Gandolfo",41.746447,12.65048,settlement,"1,24",,670 B.C.,YES
Alban,char-offset:65495,PEOPLE,http://pleiades.stoa.org/places/422824,"Alba Longa?|Alba Longa?, Castel Gandolfo",41.746447,12.65048,settlement,"1,25",,670 B.C.,YES
Alban,char-offset:66148,PEOPLE,http://pleiades.stoa.org/places/422824,"Alba Longa?|Alba Longa?, Castel Gandolfo",41.746447,12.65048,settlement,"1,25",,670 B.C.,YES
Alban,char-offset:67140,PEOPLE,http://pleiades.stoa.org/places/422824,"Alba Longa?|Alba Longa?, Castel Gandolfo",41.746447,12.65048,settlement,"1,25",,670 B.C.,YES
Alban,char-offset:67702,PEOPLE,http://pleiades.stoa.org/places/422824,"Alba Longa?|Alba Longa?, Castel Gandolfo",41.746447,12.65048,settlement,"1,25",,670 B.C.,YES
Alban,char-offset:67915,PEOPLE,http://pleiades.stoa.org/places/422824,"Alba Longa?|Alba Longa?, Castel Gandolfo",41.746447,12.65048,settlement,"1,26",,670 B.C.,YES
Alban,char-offset:71999,PEOPLE,http://pleiades.stoa.org/places/422824,"Alba Longa?|Alba Longa?, Castel Gandolfo",41.746447,12.65048,settlement,"1,27",,670 B.C.,YES
Alban,char-offset:73321,PEOPLE,http://pleiades.stoa.org/places/422824,"Alba Longa?|Alba Longa?, Castel Gandolfo",41.746447,12.65048,settlement,"1,27",,670 B.C.,YES
Alban,char-offset:74229,PEOPLE,http://pleiades.stoa.org/places/422824,"Alba Longa?|Alba Longa?, Castel Gandolfo",41.746447,12.65048,settlement,"1,27",,670 B.C.,YES
Alban,char-offset:74418,PEOPLE,http://pleiades.stoa.org/places/422824,"Alba Longa?|Alba Longa?, Castel Gandolfo",41.746447,12.65048,settlement,"1,27",,670 B.C.,YES
Alban,char-offset:75377,PEOPLE,http://pleiades.stoa.org/places/422824,"Alba Longa?|Alba Longa?, Castel Gandolfo",41.746447,12.65048,settlement,"1,28",,670 B.C.,YES
Alban,char-offset:77629,PEOPLE,http://pleiades.stoa.org/places/422824,"Alba Longa?|Alba Longa?, Castel Gandolfo",41.746447,12.65048,settlement,"1,28",,670 B.C.,YES
Alban,char-offset:77792,PEOPLE,http://pleiades.stoa.org/places/422824,"Alba Longa?|Alba Longa?, Castel Gandolfo",41.746447,12.65048,settlement,"1,28",,670 B.C.,YES
Alban,char-offset:77877,PEOPLE,http://pleiades.stoa.org/places/422824,"Alba Longa?|Alba Longa?, Castel Gandolfo",41.746447,12.65048,settlement,"1,28",,670 B.C.,YES
Alban,char-offset:81342,PEOPLE,http://pleiades.stoa.org/places/422824,"Alba Longa?|Alba Longa?, Castel Gandolfo",41.746447,12.65048,settlement,"1,30",,650 B.C.,YES
Alban,char-offset:141047,PEOPLE,http://pleiades.stoa.org/places/422824,"Alba Longa?|Alba Longa?, Castel Gandolfo",41.746447,12.65048,settlement,"1,52",,530 B.C.,YES
Alban,char-offset:12674,PEOPLE,http://pleiades.stoa.org/places/422824,"Alba Longa?|Alba Longa?, Castel Gandolfo",41.746447,12.65048,settlement,"1,6",,,YES
Alban,char-offset:13510,PEOPLE,http://pleiades.stoa.org/places/422824,"Alba Longa?|Alba Longa?, Castel Gandolfo",41.746447,12.65048,settlement,"1,6",,,YES
Alban hills,char-offset:5929,PLACE,http://pleiades.stoa.org/places/422826,"Iuppiter Latiaris, T.|Albanus M.|Albanus M., Monte Cavo|Iuppiter Latiaris, Monte Cavo",41.75172,12.70977,"sanctuary,road,mountain","1,3",,1200-800 B.C.,YES
Alban Mount,char-offset:83996,PLACE,http://pleiades.stoa.org/places/422824,"Alba Longa?|Alba Longa?, Castel Gandolfo",41.746447,12.65048,settlement,"1,31",,640 B.C.,YES
Alban Mount,char-offset:84789,PLACE,http://pleiades.stoa.org/places/422824,"Alba Longa?|Alba Longa?, Castel Gandolfo",41.746447,12.65048,settlement,"1,31",,640 B.C.,YES
Albans,char-offset:57529,PEOPLE,http://pleiades.stoa.org/places/422824,"Alba Longa?|Alba Longa?, Castel Gandolfo",41.746447,12.65048,settlement,"1,23",,670 B.C.,YES
Albans,char-offset:58033,PEOPLE,http://pleiades.stoa.org/places/422824,"Alba Longa?|Alba Longa?, Castel Gandolfo",41.746447,12.65048,settlement,"1,23",,670 B.C.,YES
Albans,char-offset:58430,PEOPLE,http://pleiades.stoa.org/places/422824,"Alba Longa?|Alba Longa?, Castel Gandolfo",41.746447,12.65048,settlement,"1,23",,670 B.C.,YES
Albans,char-offset:59249,PEOPLE,http://pleiades.stoa.org/places/422824,"Alba Longa?|Alba Longa?, Castel Gandolfo",41.746447,12.65048,settlement,"1,23",,670 B.C.,YES
Albans,char-offset:59992,PEOPLE,http://pleiades.stoa.org/places/422824,"Alba Longa?|Alba Longa?, Castel Gandolfo",41.746447,12.65048,settlement,"1,23",,670 B.C.,YES
Albans,char-offset:61775,PEOPLE,http://pleiades.stoa.org/places/422824,"Alba Longa?|Alba Longa?, Castel Gandolfo",41.746447,12.65048,settlement,"1,24",,670 B.C.,YES
Albans,char-offset:63788,PEOPLE,http://pleiades.stoa.org/places/422824,"Alba Longa?|Alba Longa?, Castel Gandolfo",41.746447,12.65048,settlement,"1,24",,670 B.C.,YES
Albans,char-offset:65402,PEOPLE,http://pleiades.stoa.org/places/422824,"Alba Longa?|Alba Longa?, Castel Gandolfo",41.746447,12.65048,settlement,"1,25",,670 B.C.,YES
Albans,char-offset:70691,PEOPLE,http://pleiades.stoa.org/places/422824,"Alba Longa?|Alba Longa?, Castel Gandolfo",41.746447,12.65048,settlement,"1,26",,670 B.C.,YES
Albans,char-offset:72730,PEOPLE,http://pleiades.stoa.org/places/422824,"Alba Longa?|Alba Longa?, Castel Gandolfo",41.746447,12.65048,settlement,"1,27",,670 B.C.,YES
Albans,char-offset:73273,PEOPLE,http://pleiades.stoa.org/places/422824,"Alba Longa?|Alba Longa?, Castel Gandolfo",41.746447,12.65048,settlement,"1,27",,670 B.C.,YES
Albans,char-offset:73727,PEOPLE,http://pleiades.stoa.org/places/422824,"Alba Longa?|Alba Longa?, Castel Gandolfo",41.746447,12.65048,settlement,"1,27",,670 B.C.,YES
Albans,char-offset:73891,PEOPLE,http://pleiades.stoa.org/places/422824,"Alba Longa?|Alba Longa?, Castel Gandolfo",41.746447,12.65048,settlement,"1,27",,670 B.C.,YES
Albans,char-offset:74844,PEOPLE,http://pleiades.stoa.org/places/422824,"Alba Longa?|Alba Longa?, Castel Gandolfo",41.746447,12.65048,settlement,"1,27",,670 B.C.,YES
Albans,char-offset:75570,PEOPLE,http://pleiades.stoa.org/places/422824,"Alba Longa?|Alba Longa?, Castel Gandolfo",41.746447,12.65048,settlement,"1,28",,670 B.C.,YES
Albans,char-offset:75881,PEOPLE,http://pleiades.stoa.org/places/422824,"Alba Longa?|Alba Longa?, Castel Gandolfo",41.746447,12.65048,settlement,"1,28",,670 B.C.,YES
Albans,char-offset:76674,PEOPLE,http://pleiades.stoa.org/places/422824,"Alba Longa?|Alba Longa?, Castel Gandolfo",41.746447,12.65048,settlement,"1,28",,670 B.C.,YES
Albans,char-offset:77047,PEOPLE,http://pleiades.stoa.org/places/422824,"Alba Longa?|Alba Longa?, Castel Gandolfo",41.746447,12.65048,settlement,"1,28",,670 B.C.,YES
Albans,char-offset:77579,PEOPLE,http://pleiades.stoa.org/places/422824,"Alba Longa?|Alba Longa?, Castel Gandolfo",41.746447,12.65048,settlement,"1,28",,670 B.C.,YES
Albans,char-offset:80756,PEOPLE,http://pleiades.stoa.org/places/422824,"Alba Longa?|Alba Longa?, Castel Gandolfo",41.746447,12.65048,settlement,"1,29",,650 B.C.,YES
Albans,char-offset:81824,PEOPLE,http://pleiades.stoa.org/places/422824,"Alba Longa?|Alba Longa?, Castel Gandolfo",41.746447,12.65048,settlement,"1,30",,650 B.C.,YES
Albans,char-offset:84304,PEOPLE,http://pleiades.stoa.org/places/422824,"Alba Longa?|Alba Longa?, Castel Gandolfo",41.746447,12.65048,settlement,"1,31",,640 B.C.,YES
Albans,char-offset:91980,PEOPLE,http://pleiades.stoa.org/places/422824,"Alba Longa?|Alba Longa?, Castel Gandolfo",41.746447,12.65048,settlement,"1,33",,625 B.C.,YES
Albula,char-offset:7043,PLACE,http://pleiades.stoa.org/places/413007,Albula (river),42.949507,13.8864067,river,"1,3",,1200-800 B.C.,YES
Alps,char-offset:735,PLACE,http://pleiades.stoa.org/places/783,Alpes (mountains),43.74465275,7.40183905,mountain,"1,1",,1200 B.C.,YES
Alps,char-offset:4512,PLACE,http://pleiades.stoa.org/places/783,Alpes (mountains),43.74465275,7.40183905,mountain,"1,2",,1200 B.C.,YES
Ameriola,char-offset:106032,PLACE,http://pleiades.stoa.org/places/438671,Ameriola,,,unlocated,"1,38",,600 B.C.,NO
Anio,char-offset:72940,PLACE,http://pleiades.stoa.org/places/422834,Anio (river),41.9412126,12.5047849,river,"1,27",,670 B.C.,YES
Anio,char-offset:101024,PLACE,http://pleiades.stoa.org/places/422834,Anio (river),41.9412126,12.5047849,river,"1,36",,600 B.C.,YES
Anio,char-offset:103425,PLACE,http://pleiades.stoa.org/places/422834,Anio (river),41.9412126,12.5047849,river,"1,37",,600 B.C.,YES
Antemnae,char-offset:25974,PLACE,http://pleiades.stoa.org/places/422836,"Antemnae|Antemnae, Monte Antenne, Roma",41.937528,12.500656,settlement,"1,10",,750 B.C.,YES
Antemnae,char-offset:23153,PLACE,http://pleiades.stoa.org/places/422836,"Antemnae|Antemnae, Monte Antenne, Roma",41.937528,12.500656,settlement,"1,9",,750 B.C.,YES
Antemnates,char-offset:26226,PEOPLE,http://pleiades.stoa.org/places/422836,"Antemnae|Antemnae, Monte Antenne, Roma",41.937528,12.500656,settlement,"1,10",,750 B.C.,YES
Antemnates,char-offset:28047,PEOPLE,http://pleiades.stoa.org/places/422836,"Antemnae|Antemnae, Monte Antenne, Roma",41.937528,12.500656,settlement,"1,11",,750 B.C.,YES
Apiolae,char-offset:99862,PLACE,http://pleiades.stoa.org/places/438677,Apiolae,,,unlocated,"1,35",,620 B.C.,NO
Arcadia,char-offset:10350,PLACE,http://pleiades.stoa.org/places/570102,Arcadia,37.56741927,22.1653231,region,"1,5",,,YES
Arcadia,char-offset:10511,PLACE,http://pleiades.stoa.org/places/570102,Arcadia,37.56741927,22.1653231,region,"1,5",,,YES
Ardea,char-offset:154122,PLACE,http://pleiades.stoa.org/places/422843,"Ardea|Ardea, Ardea",41.61126,12.54968,"settlement,urban","1,57",,510 B.C.,YES
Ardea,char-offset:154682,PLACE,http://pleiades.stoa.org/places/422843,"Ardea|Ardea, Ardea",41.61126,12.54968,"settlement,urban","1,57",,510 B.C.,YES
Ardea,char-offset:157913,PLACE,http://pleiades.stoa.org/places/422843,"Ardea|Ardea, Ardea",41.61126,12.54968,"settlement,urban","1,58",,510 B.C.,YES
Ardea,char-offset:162888,PLACE,http://pleiades.stoa.org/places/422843,"Ardea|Ardea, Ardea",41.61126,12.54968,"settlement,urban","1,59",,510 B.C.,YES
Ardea,char-offset:163484,PLACE,http://pleiades.stoa.org/places/422843,"Ardea|Ardea, Ardea",41.61126,12.54968,"settlement,urban","1,60",,507 B.C.,YES
Aricia,char-offset:135874,PLACE,http://pleiades.stoa.org/places/422844,"Aricia|Aricia, Ariccia",41.7211083,12.6726413,settlement,"1,50",,530 B.C.,YES
Aricia,char-offset:137117,PLACE,http://pleiades.stoa.org/places/422844,"Aricia|Aricia, Ariccia",41.7211083,12.6726413,settlement,"1,50",,530 B.C.,YES
Aricians,char-offset:138369,PEOPLE,http://pleiades.stoa.org/places/422844,"Aricia|Aricia, Ariccia",41.7211083,12.6726413,settlement,"1,51",,530 B.C.,YES
Aventine,char-offset:49072,PLACE,http://pleiades.stoa.org/places/715215852,Santa Sabina,41.8845877,12.4800791,church,"1,19",,710 B.C.,YES
Aventine,char-offset:53417,PLACE,http://pleiades.stoa.org/places/715215852,Santa Sabina,41.8845877,12.4800791,church,"1,20",,710 B.C.,YES
Aventine,char-offset:92026,PLACE,http://pleiades.stoa.org/places/715215852,Santa Sabina,41.8845877,12.4800791,church,"1,33",,625 B.C.,YES
Aventine,char-offset:14192,PLACE,http://pleiades.stoa.org/places/715215852,Santa Sabina,41.8845877,12.4800791,church,"1,6",,,YES
Caelian,char-offset:81173,PLACE,http://pleiades.stoa.org/places/695491849,Caelius Mons,41.88755098,12.49130078,hill,"1,30",,650 B.C.,YES
Caelian,char-offset:91991,PLACE,http://pleiades.stoa.org/places/695491849,Caelius Mons,41.88755098,12.49130078,hill,"1,33",,625 B.C.,YES
Caenina,char-offset:25947,PLACE,http://pleiades.stoa.org/places/438703,Caenina,,,unlocated,"1,10",,750 B.C.,NO
Caenina,char-offset:26291,PLACE,http://pleiades.stoa.org/places/438703,Caenina,,,unlocated,"1,10",,750 B.C.,NO
Caenina,char-offset:23144,PLACE,http://pleiades.stoa.org/places/438703,Caenina,,,unlocated,"1,9",,750 B.C.,NO
Caeninensians,char-offset:26180,PEOPLE,http://pleiades.stoa.org/places/438703,Caenina,,,unlocated,"1,10",,750 B.C.,NO
Caere,char-offset:3733,PLACE,http://pleiades.stoa.org/places/422859,"Caere|Caere/Kairea/Agylla, Cerveteri",42.007707,12.10541,"cemetery,architecturalcomplex,tomb,sanctuary,settlement","1,2",,1200 B.C.,YES
Caere,char-offset:163813,PLACE,http://pleiades.stoa.org/places/422859,"Caere|Caere/Kairea/Agylla, Cerveteri",42.007707,12.10541,"cemetery,architecturalcomplex,tomb,sanctuary,settlement","1,60",,507 B.C.,YES
Cameria,char-offset:106009,PLACE,http://pleiades.stoa.org/places/438704,Cameria,,,unlocated,"1,38",,600 B.C.,NO
Campus Martius,char-offset:40697,PLACE,http://pleiades.stoa.org/places/422863,Campus Martius,41.8917375,12.4861685,plain,"1,16",,750 B.C.,YES
Campus Martius,char-offset:119560,PLACE,http://pleiades.stoa.org/places/422863,Campus Martius,41.8917375,12.4861685,plain,"1,44",,550 B.C.,YES
Capene,char-offset:68234,PLACE,,,,,,"1,26",,670 B.C.,NO
Capitol,char-offset:26862,PLACE,http://pleiades.stoa.org/places/347036492,Capitolinus Mons,41.8925778,12.4822154,hill,"1,10",,750 B.C.,YES
Capitol,char-offset:106737,PLACE,http://pleiades.stoa.org/places/347036492,Capitolinus Mons,41.8925778,12.4822154,hill,"1,38",,600 B.C.,YES
Capitol,char-offset:20558,PLACE,http://pleiades.stoa.org/places/347036492,Capitolinus Mons,41.8925778,12.4822154,hill,"1,8",,750 B.C.,YES
Capitoline,char-offset:30495,PLACE,http://pleiades.stoa.org/places/347036492,Capitolinus Mons,41.8925778,12.4822154,hill,"1,12",,750 B.C.,YES
Capitoline,char-offset:91909,PLACE,http://pleiades.stoa.org/places/347036492,Capitolinus Mons,41.8925778,12.4822154,hill,"1,33",,625 B.C.,YES
Caprae Palus,char-offset:40676,PLACE,http://pleiades.stoa.org/places/422863,Campus Martius,41.8917375,12.4861685,plain,"1,16",,750 B.C.,YES
Circeii,char-offset:151388,PLACE,http://pleiades.stoa.org/places/432782,"Circeii 1|Circeii, San Felice Circeo",41.2302,13.08319,"city-wall,settlement","1,56",,510 B.C.,YES
Circus Maximus,char-offset:100200,PLACE,http://pleiades.stoa.org/places/458808506,Circus Maximus,41.8856889,12.4874524,circus,"1,35",,620 B.C.,YES
Cloaca Maxima,char-offset:150968,PLACE,http://pleiades.stoa.org/places/458808506,Circus Maximus,41.8856889,12.4874524,circus,"1,56",,510 B.C.,YES
Cloelii,char-offset:81516,PEOPLE,http://pleiades.stoa.org/places/422824,"Alba Longa?|Alba Longa?, Castel Gandolfo",41.746447,12.65048,settlement,"1,30",,650 B.C.,YES
Collatia,char-offset:105061,PLACE,http://pleiades.stoa.org/places/446234,Collatia,,,unlocated,"1,38",,600 B.C.,NO
Collatia,char-offset:105240,PLACE,http://pleiades.stoa.org/places/446234,Collatia,,,unlocated,"1,38",,600 B.C.,NO
Collatia,char-offset:105346,PLACE,http://pleiades.stoa.org/places/446234,Collatia,,,unlocated,"1,38",,600 B.C.,NO
Collatia,char-offset:105409,PLACE,http://pleiades.stoa.org/places/446234,Collatia,,,unlocated,"1,38",,600 B.C.,NO
Collatia,char-offset:105453,PLACE,http://pleiades.stoa.org/places/446234,Collatia,,,unlocated,"1,38",,600 B.C.,NO
Collatia,char-offset:105588,PLACE,http://pleiades.stoa.org/places/446234,Collatia,,,unlocated,"1,38",,600 B.C.,NO
Collatia,char-offset:155922,PLACE,http://pleiades.stoa.org/places/446234,Collatia,,,unlocated,"1,57",,510 B.C.,NO
Collatia,char-offset:156702,PLACE,http://pleiades.stoa.org/places/446234,Collatia,,,unlocated,"1,58",,510 B.C.,NO
Collatia,char-offset:160905,PLACE,http://pleiades.stoa.org/places/446234,Collatia,,,unlocated,"1,59",,510 B.C.,NO
Collatia,char-offset:161405,PLACE,http://pleiades.stoa.org/places/446234,Collatia,,,unlocated,"1,59",,510 B.C.,NO
Comitium,char-offset:102255,PLACE,http://pleiades.stoa.org/places/103018179,Comitium of Poseidonia/Paestum,40.4221337,15.0056518,architecturalcomplex,"1,36",,600 B.C.,YES
Corinth,char-offset:127713,PLACE,http://pleiades.stoa.org/places/570182,"Akrokorinthos|Corinthus/Korinthos|Corinthus/Korinthos, Korinthos|Akrokorinthos, Akrokorinthos",37.906045,22.878721,"sanctuary,settlement,fort","1,47",,530 B.C.,YES
Corinth,char-offset:128116,PLACE,http://pleiades.stoa.org/places/570182,"Akrokorinthos|Corinthus/Korinthos|Corinthus/Korinthos, Korinthos|Akrokorinthos, Akrokorinthos",37.906045,22.878721,"sanctuary,settlement,fort","1,47",,530 B.C.,YES
Corniculum,char-offset:105984,PLACE,http://pleiades.stoa.org/places/422910,"Corniculum|Corniculum, Montecelio, Guidonia Montecelio",42.023477,12.742811,"unlocated,settlement","1,38",,600 B.C.,YES
Corniculum,char-offset:108573,PLACE,http://pleiades.stoa.org/places/422910,"Corniculum|Corniculum, Montecelio, Guidonia Montecelio",42.023477,12.742811,"unlocated,settlement","1,39",,580 B.C.,YES
Crotona,char-offset:46357,PLACE,http://pleiades.stoa.org/places/452317,"Croto(n)|Temple of Hera Lacinia|Hera, Capo Colonna, Crotone|Croton/Croto, Crotone",39.028864,17.205128,"city-wall,sanctuary,settlement","1,18",,710 B.C.,YES
Crustumerium,char-offset:25956,PLACE,http://pleiades.stoa.org/places/422914,"Crustumerium|Crustumerium, Marcigliana, Roma",42.01508,12.55006,settlement,"1,10",,750 B.C.,YES
Crustumerium,char-offset:106018,PLACE,http://pleiades.stoa.org/places/422914,"Crustumerium|Crustumerium, Marcigliana, Roma",42.01508,12.55006,settlement,"1,38",,600 B.C.,YES
Crustumerium,char-offset:23167,PLACE,http://pleiades.stoa.org/places/422914,"Crustumerium|Crustumerium, Marcigliana, Roma",42.01508,12.55006,settlement,"1,9",,750 B.C.,YES
Crustumine,char-offset:28896,PLACE,http://pleiades.stoa.org/places/422914,"Crustumerium|Crustumerium, Marcigliana, Roma",42.01508,12.55006,settlement,"1,11",,750 B.C.,YES
Crustuminians,char-offset:26208,PEOPLE,http://pleiades.stoa.org/places/422914,"Crustumerium|Crustumerium, Marcigliana, Roma",42.01508,12.55006,settlement,"1,10",,750 B.C.,YES
Crustuminians,char-offset:28655,PEOPLE,http://pleiades.stoa.org/places/422914,"Crustumerium|Crustumerium, Marcigliana, Roma",42.01508,12.55006,settlement,"1,11",,750 B.C.,YES
Cures,char-offset:34345,PLACE,http://pleiades.stoa.org/places/413114,"Cures|Cures/Cures Sabini, Santa Maria in Arci, Fara in Sabina",42.18449,12.680562,settlement,"1,13",,750 B.C.,YES
Cures,char-offset:45852,PLACE,http://pleiades.stoa.org/places/413114,"Cures|Cures/Cures Sabini, Santa Maria in Arci, Fara in Sabina",42.18449,12.680562,settlement,"1,18",,710 B.C.,YES
Cures,char-offset:95881,PLACE,http://pleiades.stoa.org/places/413114,"Cures|Cures/Cures Sabini, Santa Maria in Arci, Fara in Sabina",42.18449,12.680562,settlement,"1,34",,625 B.C.,YES
Curiatii,char-offset:61176,PEOPLE,http://pleiades.stoa.org/places/413114,"Cures|Cures/Cures Sabini, Santa Maria in Arci, Fara in Sabina",42.18449,12.680562,settlement,"1,24",,670 B.C.,YES
Curiatii,char-offset:65638,PEOPLE,http://pleiades.stoa.org/places/413114,"Cures|Cures/Cures Sabini, Santa Maria in Arci, Fara in Sabina",42.18449,12.680562,settlement,"1,25",,670 B.C.,YES
Curiatii,char-offset:66186,PEOPLE,http://pleiades.stoa.org/places/413114,"Cures|Cures/Cures Sabini, Santa Maria in Arci, Fara in Sabina",42.18449,12.680562,settlement,"1,25",,670 B.C.,YES
Curiatii,char-offset:68204,PEOPLE,http://pleiades.stoa.org/places/413114,"Cures|Cures/Cures Sabini, Santa Maria in Arci, Fara in Sabina",42.18449,12.680562,settlement,"1,26",,670 B.C.,YES
Curiatii,char-offset:70449,PEOPLE,http://pleiades.stoa.org/places/413114,"Cures|Cures/Cures Sabini, Santa Maria in Arci, Fara in Sabina",42.18449,12.680562,settlement,"1,26",,670 B.C.,YES
Curiatii,char-offset:71077,PEOPLE,http://pleiades.stoa.org/places/413114,"Cures|Cures/Cures Sabini, Santa Maria in Arci, Fara in Sabina",42.18449,12.680562,settlement,"1,26",,670 B.C.,YES
Curiatii,char-offset:81498,PEOPLE,http://pleiades.stoa.org/places/413114,"Cures|Cures/Cures Sabini, Santa Maria in Arci, Fara in Sabina",42.18449,12.680562,settlement,"1,30",,650 B.C.,YES
Curiatius,char-offset:66559,PLACE,http://pleiades.stoa.org/places/413114,"Cures|Cures/Cures Sabini, Santa Maria in Arci, Fara in Sabina",42.18449,12.680562,settlement,"1,25",,670 B.C.,YES
Curtian lake,char-offset:34475,PLACE,,,,,,"1,13",,750 B.C.,NO
Cyprius Vicus,char-offset:132031,PLACE,http://pleiades.stoa.org/places/715215852,Santa Sabina,41.8845877,12.4800791,church,"1,48",,530 B.C.,YES
Delphi,char-offset:151883,PLACE,http://pleiades.stoa.org/places/540726,"Delphi|Delphi/Delphoi, Delphi",38.482289,22.501169,"sanctuary,settlement","1,56",,510 B.C.,YES
Delphi,char-offset:152942,PLACE,http://pleiades.stoa.org/places/540726,"Delphi|Delphi/Delphoi, Delphi",38.482289,22.501169,"sanctuary,settlement","1,56",,510 B.C.,YES
Enetians,char-offset:478,PEOPLE,http://pleiades.stoa.org/places/845034,Paphlagonia (region),41.44846297,33.23855022,region,"1,1",,1200 B.C.,YES
Enetians,char-offset:658,PEOPLE,http://pleiades.stoa.org/places/845034,Paphlagonia (region),41.44846297,33.23855022,region,"1,1",,1200 B.C.,YES
Esquiline,char-offset:120170,PLACE,http://pleiades.stoa.org/places/866548110,Auditorium Maecenatis,41.8940964,12.5012225,architecturalcomplex,"1,44",,550 B.C.,YES
Esquiline,char-offset:132151,PLACE,http://pleiades.stoa.org/places/866548110,Auditorium Maecenatis,41.8940964,12.5012225,architecturalcomplex,"1,48",,530 B.C.,YES
Etruria,char-offset:4353,PLACE,http://pleiades.stoa.org/places/413122,Etruria/Tuscia,42.42102875,11.75274412,region,"1,2",,1200 B.C.,YES
Etruria,char-offset:82767,PLACE,http://pleiades.stoa.org/places/413122,Etruria/Tuscia,42.42102875,11.75274412,region,"1,30",,650 B.C.,YES
Etruria,char-offset:100536,PLACE,http://pleiades.stoa.org/places/413122,Etruria/Tuscia,42.42102875,11.75274412,region,"1,35",,620 B.C.,YES
Etruria,char-offset:149767,PLACE,http://pleiades.stoa.org/places/413122,Etruria/Tuscia,42.42102875,11.75274412,region,"1,55",,520 B.C.,YES
Etruria,char-offset:150485,PLACE,http://pleiades.stoa.org/places/413122,Etruria/Tuscia,42.42102875,11.75274412,region,"1,56",,510 B.C.,YES
Etruria,char-offset:19877,PLACE,http://pleiades.stoa.org/places/413122,Etruria/Tuscia,42.42102875,11.75274412,region,"1,8",,750 B.C.,YES
Etruscan,char-offset:114713,PEOPLE,http://pleiades.stoa.org/places/413122,Etruria/Tuscia,42.42102875,11.75274412,region,"1,42",,570 B.C.,YES
Etruscan,char-offset:151690,PEOPLE,http://pleiades.stoa.org/places/413122,Etruria/Tuscia,42.42102875,11.75274412,region,"1,56",,510 B.C.,YES
Etruscan State,char-offset:60131,PLACE,http://pleiades.stoa.org/places/413122,Etruria/Tuscia,42.42102875,11.75274412,region,"1,23",,670 B.C.,YES
Etruscans,char-offset:38505,PEOPLE,http://pleiades.stoa.org/places/413122,Etruria/Tuscia,42.42102875,11.75274412,region,"1,15",,750 B.C.,YES
Etruscans,char-offset:3676,PEOPLE,http://pleiades.stoa.org/places/413122,Etruria/Tuscia,42.42102875,11.75274412,region,"1,2",,1200 B.C.,YES
Etruscans,char-offset:6216,PEOPLE,http://pleiades.stoa.org/places/413122,Etruria/Tuscia,42.42102875,11.75274412,region,"1,3",,1200-800 B.C.,YES
Etruscans,char-offset:6384,PEOPLE,http://pleiades.stoa.org/places/413122,Etruria/Tuscia,42.42102875,11.75274412,region,"1,3",,1200-800 B.C.,YES
Etruscans,char-offset:6575,PEOPLE,http://pleiades.stoa.org/places/413122,Etruria/Tuscia,42.42102875,11.75274412,region,"1,3",,1200-800 B.C.,YES
Etruscans,char-offset:82087,PEOPLE,http://pleiades.stoa.org/places/413122,Etruria/Tuscia,42.42102875,11.75274412,region,"1,30",,650 B.C.,YES
Etruscans,char-offset:82788,PEOPLE,http://pleiades.stoa.org/places/413122,Etruria/Tuscia,42.42102875,11.75274412,region,"1,30",,650 B.C.,YES
Etruscans,char-offset:95354,PEOPLE,http://pleiades.stoa.org/places/413122,Etruria/Tuscia,42.42102875,11.75274412,region,"1,34",,625 B.C.,YES
Etruscans,char-offset:96558,PEOPLE,http://pleiades.stoa.org/places/413122,Etruria/Tuscia,42.42102875,11.75274412,region,"1,34",,625 B.C.,YES
Etruscans,char-offset:120478,PEOPLE,http://pleiades.stoa.org/places/413122,Etruria/Tuscia,42.42102875,11.75274412,region,"1,44",,550 B.C.,YES
Etruscans,char-offset:148220,PEOPLE,http://pleiades.stoa.org/places/413122,Etruria/Tuscia,42.42102875,11.75274412,region,"1,55",,520 B.C.,YES
Etruscans,char-offset:163800,PEOPLE,http://pleiades.stoa.org/places/413122,Etruria/Tuscia,42.42102875,11.75274412,region,"1,60",,507 B.C.,YES
Etruscans,char-offset:19730,PEOPLE,http://pleiades.stoa.org/places/413122,Etruria/Tuscia,42.42102875,11.75274412,region,"1,8",,750 B.C.,YES
Etruscans,char-offset:19809,PEOPLE,http://pleiades.stoa.org/places/413122,Etruria/Tuscia,42.42102875,11.75274412,region,"1,8",,750 B.C.,YES
Euganei,char-offset:692,PLACE,,,,,,"1,1",,1200 B.C.,NO
Ferentina,char-offset:135560,PLACE,http://pleiades.stoa.org/places/413132,"Ferentium|Ferentium, Ferento, Viterbo",42.48876,12.1316,"theatre,settlement","1,50",,530 B.C.,YES
Ferentina,char-offset:140565,PLACE,http://pleiades.stoa.org/places/413132,"Ferentium|Ferentium, Ferento, Viterbo",42.48876,12.1316,"theatre,settlement","1,51",,530 B.C.,YES
Ferentina,char-offset:141978,PLACE,http://pleiades.stoa.org/places/413132,"Ferentium|Ferentium, Ferento, Viterbo",42.48876,12.1316,"theatre,settlement","1,52",,530 B.C.,YES
Feronia,char-offset:82289,PLACE,http://pleiades.stoa.org/places/413184,"Lucus Feroniae|Lucus Feroniae|Lucus Feroniae, Lucus Feronia, Capena|Lucus Feroniae, Santuario di Feronia, Terracina",42.129717,12.596872,"sanctuary,villa,settlement","1,30",,650 B.C.,YES
Ficus Ruminalis,char-offset:8767,PLACE,http://pleiades.stoa.org/places/971691208,Palatinus Mons,41.8893064,12.4871093,hill,"1,4",,,YES
Fidenae,char-offset:36360,PLACE,http://pleiades.stoa.org/places/422923,"Fidenae|Fidenae, Borgata Fidene, Roma",41.97853,12.51232,settlement,"1,14",,750 B.C.,YES
Fidenae,char-offset:36617,PLACE,http://pleiades.stoa.org/places/422923,"Fidenae|Fidenae, Borgata Fidene, Roma",41.97853,12.51232,settlement,"1,14",,750 B.C.,YES
Fidenae,char-offset:36990,PLACE,http://pleiades.stoa.org/places/422923,"Fidenae|Fidenae, Borgata Fidene, Roma",41.97853,12.51232,settlement,"1,14",,750 B.C.,YES
Fidenae,char-offset:38396,PLACE,http://pleiades.stoa.org/places/422923,"Fidenae|Fidenae, Borgata Fidene, Roma",41.97853,12.51232,settlement,"1,15",,750 B.C.,YES
Fidenae,char-offset:72633,PLACE,http://pleiades.stoa.org/places/422923,"Fidenae|Fidenae, Borgata Fidene, Roma",41.97853,12.51232,settlement,"1,27",,670 B.C.,YES
Fidenae,char-offset:73083,PLACE,http://pleiades.stoa.org/places/422923,"Fidenae|Fidenae, Borgata Fidene, Roma",41.97853,12.51232,settlement,"1,27",,670 B.C.,YES
Fidenates,char-offset:37934,PEOPLE,http://pleiades.stoa.org/places/422923,"Fidenae|Fidenae, Borgata Fidene, Roma",41.97853,12.51232,settlement,"1,14",,750 B.C.,YES
Fidenates,char-offset:38480,PEOPLE,http://pleiades.stoa.org/places/422923,"Fidenae|Fidenae, Borgata Fidene, Roma",41.97853,12.51232,settlement,"1,15",,750 B.C.,YES
Fidenates,char-offset:73153,PEOPLE,http://pleiades.stoa.org/places/422923,"Fidenae|Fidenae, Borgata Fidene, Roma",41.97853,12.51232,settlement,"1,27",,670 B.C.,YES
Fidenates,char-offset:73306,PEOPLE,http://pleiades.stoa.org/places/422923,"Fidenae|Fidenae, Borgata Fidene, Roma",41.97853,12.51232,settlement,"1,27",,670 B.C.,YES
Fidenates,char-offset:74313,PEOPLE,http://pleiades.stoa.org/places/422923,"Fidenae|Fidenae, Borgata Fidene, Roma",41.97853,12.51232,settlement,"1,27",,670 B.C.,YES
Fidenates,char-offset:74708,PEOPLE,http://pleiades.stoa.org/places/422923,"Fidenae|Fidenae, Borgata Fidene, Roma",41.97853,12.51232,settlement,"1,27",,670 B.C.,YES
Fidenates,char-offset:74932,PEOPLE,http://pleiades.stoa.org/places/422923,"Fidenae|Fidenae, Borgata Fidene, Roma",41.97853,12.51232,settlement,"1,27",,670 B.C.,YES
Fidenates,char-offset:78392,PEOPLE,http://pleiades.stoa.org/places/422923,"Fidenae|Fidenae, Borgata Fidene, Roma",41.97853,12.51232,settlement,"1,28",,670 B.C.,YES
Forum,char-offset:32028,PLACE,http://pleiades.stoa.org/places/502866838,Forum Romanum,41.89244905,12.484406,"arch,basilica,plaza","1,12",,750 B.C.,YES
Forum,char-offset:106554,PLACE,http://pleiades.stoa.org/places/502866838,Forum Romanum,41.89244905,12.484406,"arch,basilica,plaza","1,38",,600 B.C.,YES
Forum,char-offset:129038,PLACE,http://pleiades.stoa.org/places/502866838,Forum Romanum,41.89244905,12.484406,"arch,basilica,plaza","1,47",,530 B.C.,YES
Forum,char-offset:131355,PLACE,http://pleiades.stoa.org/places/502866838,Forum Romanum,41.89244905,12.484406,"arch,basilica,plaza","1,48",,530 B.C.,YES
Forum,char-offset:131767,PLACE,http://pleiades.stoa.org/places/502866838,Forum Romanum,41.89244905,12.484406,"arch,basilica,plaza","1,48",,530 B.C.,YES
Fossa Quiritium,char-offset:93409,PLACE,,,,,,"1,33",,625 B.C.,NO
Gabii,char-offset:143246,PLACE,http://pleiades.stoa.org/places/422932,"Gabii|Gabii, Castiglione, Roma|Castiglione Cosentino",41.8871,12.71738,"sanctuary,settlement,temple-2","1,53",,530 B.C.,YES
Gabii,char-offset:143688,PLACE,http://pleiades.stoa.org/places/422932,"Gabii|Gabii, Castiglione, Roma|Castiglione Cosentino",41.8871,12.71738,"sanctuary,settlement,temple-2","1,53",,530 B.C.,YES
Gabii,char-offset:144872,PLACE,http://pleiades.stoa.org/places/422932,"Gabii|Gabii, Castiglione, Roma|Castiglione Cosentino",41.8871,12.71738,"sanctuary,settlement,temple-2","1,53",,530 B.C.,YES
Gabii,char-offset:145210,PLACE,http://pleiades.stoa.org/places/422932,"Gabii|Gabii, Castiglione, Roma|Castiglione Cosentino",41.8871,12.71738,"sanctuary,settlement,temple-2","1,53",,530 B.C.,YES
Gabii,char-offset:145353,PLACE,http://pleiades.stoa.org/places/422932,"Gabii|Gabii, Castiglione, Roma|Castiglione Cosentino",41.8871,12.71738,"sanctuary,settlement,temple-2","1,54",,520 B.C.,YES
Gabii,char-offset:146116,PLACE,http://pleiades.stoa.org/places/422932,"Gabii|Gabii, Castiglione, Roma|Castiglione Cosentino",41.8871,12.71738,"sanctuary,settlement,temple-2","1,54",,520 B.C.,YES
Gabii,char-offset:146519,PLACE,http://pleiades.stoa.org/places/422932,"Gabii|Gabii, Castiglione, Roma|Castiglione Cosentino",41.8871,12.71738,"sanctuary,settlement,temple-2","1,54",,520 B.C.,YES
Gabii,char-offset:146750,PLACE,http://pleiades.stoa.org/places/422932,"Gabii|Gabii, Castiglione, Roma|Castiglione Cosentino",41.8871,12.71738,"sanctuary,settlement,temple-2","1,54",,520 B.C.,YES
Gabii,char-offset:147141,PLACE,http://pleiades.stoa.org/places/422932,"Gabii|Gabii, Castiglione, Roma|Castiglione Cosentino",41.8871,12.71738,"sanctuary,settlement,temple-2","1,54",,520 B.C.,YES
Gabii,char-offset:148147,PLACE,http://pleiades.stoa.org/places/422932,"Gabii|Gabii, Castiglione, Roma|Castiglione Cosentino",41.8871,12.71738,"sanctuary,settlement,temple-2","1,55",,520 B.C.,YES
Gabinians,char-offset:145734,PEOPLE,http://pleiades.stoa.org/places/422932,"Gabii|Gabii, Castiglione, Roma|Castiglione Cosentino",41.8871,12.71738,"sanctuary,settlement,temple-2","1,54",,520 B.C.,YES
Gabinians,char-offset:146189,PEOPLE,http://pleiades.stoa.org/places/422932,"Gabii|Gabii, Castiglione, Roma|Castiglione Cosentino",41.8871,12.71738,"sanctuary,settlement,temple-2","1,54",,520 B.C.,YES
Geganii,char-offset:81485,PLACE,http://pleiades.stoa.org/places/422824,"Alba Longa?|Alba Longa?, Castel Gandolfo",41.746447,12.65048,settlement,"1,30",,650 B.C.,YES
Greece,char-offset:151976,PLACE,http://sws.geonames.org/390903,Greece,39.04697922,22.97947876,,"1,56",,510 B.C.,YES
Greek,char-offset:15127,PEOPLE,http://sws.geonames.org/390903,Greece,39.04697922,22.97947876,,"1,7",,750 B.C.,YES
Heraclea,char-offset:46343,PLACE,http://pleiades.stoa.org/places/151774,Heraclea,,,unlocated,"1,18",,710 B.C.,NO
Hernici,char-offset:144504,PLACE,http://pleiades.stoa.org/places/422944,Hernici,41.74758569,13.34528397,people,"1,53",,530 B.C.,YES
Horatia,char-offset:71897,PLACE,http://pleiades.stoa.org/places/670733375,tribus Horatia,41.80656858,12.57975783,tribus,"1,26",,670 B.C.,YES
Horatii,char-offset:61164,PEOPLE,http://pleiades.stoa.org/places/670733375,tribus Horatia,41.80656858,12.57975783,tribus,"1,24",,670 B.C.,YES
Horatii,char-offset:61433,PEOPLE,http://pleiades.stoa.org/places/670733375,tribus Horatia,41.80656858,12.57975783,tribus,"1,24",,670 B.C.,YES
Italian,char-offset:109595,PEOPLE,http://sws.geonames.org/3175395,Italy,42.78740074,12.0810743,,"1,40",,580 B.C.,YES
Italy,char-offset:46300,PLACE,http://sws.geonames.org/3175395,Italy,42.78740074,12.0810743,,"1,18",,710 B.C.,YES
Italy,char-offset:4431,PLACE,http://sws.geonames.org/3175395,Italy,42.78740074,12.0810743,,"1,2",,1200 B.C.,YES
Italy,char-offset:17064,PLACE,http://sws.geonames.org/3175395,Italy,42.78740074,12.0810743,,"1,7",,750 B.C.,YES
Janiculum,char-offset:96237,PLACE,http://pleiades.stoa.org/places/430827518,Janiculum,41.88333,12.46667,"hill,fort","1,34",,625 B.C.,YES
Latin,char-offset:74773,PLACE,http://pleiades.stoa.org/places/432900,Latium,41.7909,12.7621,"region,people","1,27",,670 B.C.,YES
Latin,char-offset:6170,PLACE,http://pleiades.stoa.org/places/432900,Latium,41.7909,12.7621,"region,people","1,3",,1200-800 B.C.,YES
Latin,char-offset:92600,PLACE,http://pleiades.stoa.org/places/432900,Latium,41.7909,12.7621,"region,people","1,33",,625 B.C.,YES
Latin,char-offset:121731,PLACE,http://pleiades.stoa.org/places/432900,Latium,41.7909,12.7621,"region,people","1,45",,550 B.C.,YES
Latin,char-offset:121917,PLACE,http://pleiades.stoa.org/places/432900,Latium,41.7909,12.7621,"region,people","1,45",,550 B.C.,YES
Latin,char-offset:134930,PLACE,http://pleiades.stoa.org/places/432900,Latium,41.7909,12.7621,"region,people","1,49",,530 B.C.,YES
Latin,char-offset:135238,PLACE,http://pleiades.stoa.org/places/432900,Latium,41.7909,12.7621,"region,people","1,49",,530 B.C.,YES
Latin,char-offset:135478,PLACE,http://pleiades.stoa.org/places/432900,Latium,41.7909,12.7621,"region,people","1,50",,530 B.C.,YES
Latin,char-offset:136166,PLACE,http://pleiades.stoa.org/places/432900,Latium,41.7909,12.7621,"region,people","1,50",,530 B.C.,YES
Latin,char-offset:138591,PLACE,http://pleiades.stoa.org/places/432900,Latium,41.7909,12.7621,"region,people","1,51",,530 B.C.,YES
Latin,char-offset:141650,PLACE,http://pleiades.stoa.org/places/432900,Latium,41.7909,12.7621,"region,people","1,52",,530 B.C.,YES
Latin,char-offset:142185,PLACE,http://pleiades.stoa.org/places/432900,Latium,41.7909,12.7621,"region,people","1,52",,530 B.C.,YES
Latin,char-offset:13520,PLACE,http://pleiades.stoa.org/places/432900,Latium,41.7909,12.7621,"region,people","1,6",,,YES
Latin State,char-offset:5164,PLACE,http://pleiades.stoa.org/places/432900,Latium,41.7909,12.7621,"region,people","1,3",,1200-800 B.C.,YES
Latins,char-offset:4226,PEOPLE,http://pleiades.stoa.org/places/432900,Latium,41.7909,12.7621,"region,people","1,2",,1200 B.C.,YES
Latins,char-offset:4758,PEOPLE,http://pleiades.stoa.org/places/432900,Latium,41.7909,12.7621,"region,people","1,2",,1200 B.C.,YES
Latins,char-offset:6593,PEOPLE,http://pleiades.stoa.org/places/432900,Latium,41.7909,12.7621,"region,people","1,3",,1200-800 B.C.,YES
Latins,char-offset:87331,PEOPLE,http://pleiades.stoa.org/places/432900,Latium,41.7909,12.7621,"region,people","1,32",,625 B.C.,YES
Latins,char-offset:91373,PEOPLE,http://pleiades.stoa.org/places/432900,Latium,41.7909,12.7621,"region,people","1,32",,625 B.C.,YES
Latins,char-offset:91621,PEOPLE,http://pleiades.stoa.org/places/432900,Latium,41.7909,12.7621,"region,people","1,33",,625 B.C.,YES
Latins,char-offset:92236,PEOPLE,http://pleiades.stoa.org/places/432900,Latium,41.7909,12.7621,"region,people","1,33",,625 B.C.,YES
Latins,char-offset:92849,PEOPLE,http://pleiades.stoa.org/places/432900,Latium,41.7909,12.7621,"region,people","1,33",,625 B.C.,YES
Latins,char-offset:99834,PEOPLE,http://pleiades.stoa.org/places/432900,Latium,41.7909,12.7621,"region,people","1,35",,620 B.C.,YES
Latins,char-offset:122126,PEOPLE,http://pleiades.stoa.org/places/432900,Latium,41.7909,12.7621,"region,people","1,45",,550 B.C.,YES
Latins,char-offset:136450,PEOPLE,http://pleiades.stoa.org/places/432900,Latium,41.7909,12.7621,"region,people","1,50",,530 B.C.,YES
Latins,char-offset:136616,PEOPLE,http://pleiades.stoa.org/places/432900,Latium,41.7909,12.7621,"region,people","1,50",,530 B.C.,YES
Latins,char-offset:136847,PEOPLE,http://pleiades.stoa.org/places/432900,Latium,41.7909,12.7621,"region,people","1,50",,530 B.C.,YES
Latins,char-offset:138116,PEOPLE,http://pleiades.stoa.org/places/432900,Latium,41.7909,12.7621,"region,people","1,51",,530 B.C.,YES
Latins,char-offset:138989,PEOPLE,http://pleiades.stoa.org/places/432900,Latium,41.7909,12.7621,"region,people","1,51",,530 B.C.,YES
Latins,char-offset:140329,PEOPLE,http://pleiades.stoa.org/places/432900,Latium,41.7909,12.7621,"region,people","1,51",,530 B.C.,YES
Latins,char-offset:140660,PEOPLE,http://pleiades.stoa.org/places/432900,Latium,41.7909,12.7621,"region,people","1,52",,530 B.C.,YES
Latins,char-offset:140934,PEOPLE,http://pleiades.stoa.org/places/432900,Latium,41.7909,12.7621,"region,people","1,52",,530 B.C.,YES
Latins,char-offset:141227,PEOPLE,http://pleiades.stoa.org/places/432900,Latium,41.7909,12.7621,"region,people","1,52",,530 B.C.,YES
Latins,char-offset:141512,PEOPLE,http://pleiades.stoa.org/places/432900,Latium,41.7909,12.7621,"region,people","1,52",,530 B.C.,YES
Latins,char-offset:141886,PEOPLE,http://pleiades.stoa.org/places/432900,Latium,41.7909,12.7621,"region,people","1,52",,530 B.C.,YES
Latium,char-offset:144451,PLACE,http://pleiades.stoa.org/places/432900,Latium,41.7909,12.7621,"region,people","1,53",,530 B.C.,YES
Laurentines,char-offset:35436,PEOPLE,,,,,,"1,14",,750 B.C.,NO
Laurentines,char-offset:35631,PEOPLE,,,,,,"1,14",,750 B.C.,NO
Lavinium,char-offset:3005,PLACE,http://pleiades.stoa.org/places/422960,"Tredici Altari|Temple East of Lavinium|Pratica di Mare, Pomezia|Tredici Altari|Lavinium|Lavinium, Pratica di Mare, Pomezia",41.66391,12.48009,"temple-2,urban,port,sanctuary,settlement","1,1",,1200 B.C.,YES
Lavinium,char-offset:35769,PLACE,http://pleiades.stoa.org/places/422960,"Tredici Altari|Temple East of Lavinium|Pratica di Mare, Pomezia|Tredici Altari|Lavinium|Lavinium, Pratica di Mare, Pomezia",41.66391,12.48009,"temple-2,urban,port,sanctuary,settlement","1,14",,750 B.C.,YES
Lavinium,char-offset:36183,PLACE,http://pleiades.stoa.org/places/422960,"Tredici Altari|Temple East of Lavinium|Pratica di Mare, Pomezia|Tredici Altari|Lavinium|Lavinium, Pratica di Mare, Pomezia",41.66391,12.48009,"temple-2,urban,port,sanctuary,settlement","1,14",,750 B.C.,YES
Lavinium,char-offset:57718,PLACE,http://pleiades.stoa.org/places/422960,"Tredici Altari|Temple East of Lavinium|Pratica di Mare, Pomezia|Tredici Altari|Lavinium|Lavinium, Pratica di Mare, Pomezia",41.66391,12.48009,"temple-2,urban,port,sanctuary,settlement","1,23",,670 B.C.,YES
Lavinium,char-offset:57764,PLACE,http://pleiades.stoa.org/places/422960,"Tredici Altari|Temple East of Lavinium|Pratica di Mare, Pomezia|Tredici Altari|Lavinium|Lavinium, Pratica di Mare, Pomezia",41.66391,12.48009,"temple-2,urban,port,sanctuary,settlement","1,23",,670 B.C.,YES
Lavinium,char-offset:5790,PLACE,http://pleiades.stoa.org/places/422960,"Tredici Altari|Temple East of Lavinium|Pratica di Mare, Pomezia|Tredici Altari|Lavinium|Lavinium, Pratica di Mare, Pomezia",41.66391,12.48009,"temple-2,urban,port,sanctuary,settlement","1,3",,1200-800 B.C.,YES
Lavinium,char-offset:6093,PLACE,http://pleiades.stoa.org/places/422960,"Tredici Altari|Temple East of Lavinium|Pratica di Mare, Pomezia|Tredici Altari|Lavinium|Lavinium, Pratica di Mare, Pomezia",41.66391,12.48009,"temple-2,urban,port,sanctuary,settlement","1,3",,1200-800 B.C.,YES
Lavinium,char-offset:13635,PLACE,http://pleiades.stoa.org/places/422960,"Tredici Altari|Temple East of Lavinium|Pratica di Mare, Pomezia|Tredici Altari|Lavinium|Lavinium, Pratica di Mare, Pomezia",41.66391,12.48009,"temple-2,urban,port,sanctuary,settlement","1,6",,,YES
Luceres,char-offset:35209,PEOPLE,http://pleiades.stoa.org/places/749375794,Luceres,41.891775,12.486137,people,"1,13",,750 B.C.,YES
Luceres,char-offset:101430,PEOPLE,http://pleiades.stoa.org/places/749375794,Luceres,41.891775,12.486137,people,"1,36",,600 B.C.,YES
Macedonia,char-offset:1034,PLACE,http://pleiades.stoa.org/places/981531,Macedonia (Roman province),42.5,22.5,province,"1,1",,1200 B.C.,YES
Medullia,char-offset:106042,PLACE,http://pleiades.stoa.org/places/438784,Medullium/Medullum,,,unlocated,"1,38",,600 B.C.,NO
Mesian Forest,char-offset:93893,PLACE,,,,,,"1,33",,625 B.C.,NO
Metapontum,char-offset:46331,PLACE,http://pleiades.stoa.org/places/442658,"Metapontum|Metapontum, Metaponto, Bernalda",40.383868,16.824063,"theatre,settlement","1,18",,710 B.C.,YES
Nomentum,char-offset:106052,PLACE,http://pleiades.stoa.org/places/422986,"Nomentum|Nomentum, Mentana|Mentana",42.03398,12.63764,"settlement-modern,settlement","1,38",,600 B.C.,YES
Numicius,char-offset:4896,PLACE,http://pleiades.stoa.org/places/422988,Numicus (river),41.6504112,12.4248504,river,"1,2",,1200 B.C.,YES
Old Ficulea,char-offset:105996,PLACE,http://pleiades.stoa.org/places/422922,"Ficulea|Ficulea, Casale di Marco Simone Vecchio, Roma",41.96856,12.64652,settlement,"1,38",,600 B.C.,YES
Ostia,char-offset:94020,PLACE,http://pleiades.stoa.org/places/422995,"Ostia|Ostia, Ostia Antica",41.7548549,12.287656,"taberna-shop,urban,theatre,church,settlement,plaza","1,33",,625 B.C.,YES
Palatine,char-offset:30478,PLACE,http://pleiades.stoa.org/places/971691208,Palatinus Mons,41.8893064,12.4871093,hill,"1,12",,750 B.C.,YES
Palatine,char-offset:30954,PLACE,http://pleiades.stoa.org/places/971691208,Palatinus Mons,41.8893064,12.4871093,hill,"1,12",,750 B.C.,YES
Palatine,char-offset:31138,PLACE,http://pleiades.stoa.org/places/971691208,Palatinus Mons,41.8893064,12.4871093,hill,"1,12",,750 B.C.,YES
Palatine,char-offset:32075,PLACE,http://pleiades.stoa.org/places/971691208,Palatinus Mons,41.8893064,12.4871093,hill,"1,12",,750 B.C.,YES
Palatine,char-offset:91830,PLACE,http://pleiades.stoa.org/places/971691208,Palatinus Mons,41.8893064,12.4871093,hill,"1,33",,625 B.C.,YES
Palatine,char-offset:91962,PLACE,http://pleiades.stoa.org/places/971691208,Palatinus Mons,41.8893064,12.4871093,hill,"1,33",,625 B.C.,YES
Palatine,char-offset:92930,PLACE,http://pleiades.stoa.org/places/971691208,Palatinus Mons,41.8893064,12.4871093,hill,"1,33",,625 B.C.,YES
Palatine,char-offset:10260,PLACE,http://pleiades.stoa.org/places/971691208,Palatinus Mons,41.8893064,12.4871093,hill,"1,5",,,YES
Palatine,char-offset:14141,PLACE,http://pleiades.stoa.org/places/971691208,Palatinus Mons,41.8893064,12.4871093,hill,"1,6",,,YES
Palatine,char-offset:14963,PLACE,http://pleiades.stoa.org/places/971691208,Palatinus Mons,41.8893064,12.4871093,hill,"1,7",,750 B.C.,YES
Palatium,char-offset:10394,PLACE,http://pleiades.stoa.org/places/393365,"Ad Palatium|Ad Palatium, Ala",45.75569,11.00671,station,"1,5",,,YES
Pallantium,char-offset:10307,PLACE,http://pleiades.stoa.org/places/570548,"Pallantion|Pallantion, Berbati",37.462155,22.336587,settlement,"1,5",,,YES
Paphlagonia,char-offset:512,PLACE,http://pleiades.stoa.org/places/845034,Paphlagonia (region),41.44846297,33.23855022,region,"1,1",,1200 B.C.,YES
Peloponnesus,char-offset:16660,PLACE,http://pleiades.stoa.org/places/570577,Peloponnesus/Peloponnesos/Peloponnese,37.25289778,22.31275269,"peninsula,region","1,7",,750 B.C.,YES
Pila Horatia,char-offset:70495,PLACE,http://pleiades.stoa.org/places/670733375,tribus Horatia,41.80656858,12.57975783,tribus,"1,55",,520 B.C.,YES
Politorium,char-offset:92186,PLACE,http://pleiades.stoa.org/places/438811,Politorium,,,"unlocated,settlement","1,26",,670 B.C.,YES
Pometia,char-offset:149868,PLACE,http://pleiades.stoa.org/places/423005,"Pometia|Pometia/Suessa Pometia, Cisterna di Latina",41.594438,12.826351,settlement,"1,53",,530 B.C.,YES
Pomptine Suessa,char-offset:142803,PLACE,http://pleiades.stoa.org/places/433034,Pomptinus Ager,41.25,12.75,region,"1,33",,625 B.C.,YES
Pons Sublicius,char-offset:93389,PLACE,http://dare.ht.lu.se/places/39615,"Pons Sublicius, Roma",41.884444,12.476667,,"1,3",,1200-800 B.C.,YES
Prisci Latini,char-offset:106086,PEOPLE,,,,,,"1,30",,650 B.C.,NO
Prisci Latini,char-offset:6835,PEOPLE,,,,,,"1,32",,625 B.C.,NO
Prisci Latini,char-offset:90093,PEOPLE,,,,,,"1,32",,625 B.C.,NO
Prisci Latini,char-offset:90133,PEOPLE,,,,,,"1,32",,625 B.C.,NO
Prisci Latini,char-offset:90821,PEOPLE,,,,,,"1,32",,625 B.C.,NO
Prisci Latini,char-offset:90998,PEOPLE,,,,,,"1,32",,625 B.C.,NO
Prisci Latini,char-offset:91128,PEOPLE,,,,,,"1,32",,625 B.C.,NO
Prisci Latini,char-offset:91224,PEOPLE,,,,,,"1,38",,600 B.C.,NO
Prisci Latini,char-offset:105843,PEOPLE,,,,,,"1,38",,600 B.C.,NO
Quinctii,char-offset:81471,PERSON,,,,,,"1,44",,550 B.C.,YES
Quirinal,char-offset:120093,PLACE,http://pleiades.stoa.org/places/125119394,Quirinal Hill,41.9,12.48333,hill,"1,13",,750 B.C.,YES
Ramnenses,char-offset:35124,PLACE,,,,,,"1,13",,750 B.C.,NO
Ramnes,char-offset:101407,PLACE,http://pleiades.stoa.org/places/531536067,tribus Ramnes,41.891775,12.486137,"unlocated,tribus","1,36",,600 B.C.,YES
Rutulians,char-offset:3230,PEOPLE,http://pleiades.stoa.org/places/422843,"Ardea|Ardea, Ardea",41.61126,12.54968,"settlement,urban","1,2",,1200 B.C.,YES
Rutulians,char-offset:3483,PEOPLE,http://pleiades.stoa.org/places/422843,"Ardea|Ardea, Ardea",41.61126,12.54968,"settlement,urban","1,2",,1200 B.C.,YES
Rutulians,char-offset:3622,PEOPLE,http://pleiades.stoa.org/places/422843,"Ardea|Ardea, Ardea",41.61126,12.54968,"settlement,urban","1,2",,1200 B.C.,YES
Rutulians,char-offset:3999,PEOPLE,http://pleiades.stoa.org/places/422843,"Ardea|Ardea, Ardea",41.61126,12.54968,"settlement,urban","1,2",,1200 B.C.,YES
Rutulians,char-offset:154052,PEOPLE,http://pleiades.stoa.org/places/422843,"Ardea|Ardea, Ardea",41.61126,12.54968,"settlement,urban","1,56",,510 B.C.,YES
Sabine,char-offset:33022,PLACE,http://pleiades.stoa.org/places/423028,Sabina,41.875,12.625,region,"1,13",,750 B.C.,YES
Sabine,char-offset:34568,PLACE,http://pleiades.stoa.org/places/423028,Sabina,41.875,12.625,region,"1,13",,750 B.C.,YES
Sabine,char-offset:43245,PLACE,http://pleiades.stoa.org/places/423028,Sabina,41.875,12.625,region,"1,17",,750 B.C.,YES
Sabine,char-offset:83422,PLACE,http://pleiades.stoa.org/places/423028,Sabina,41.875,12.625,region,"1,30",,650 B.C.,YES
Sabine,char-offset:83640,PLACE,http://pleiades.stoa.org/places/423028,Sabina,41.875,12.625,region,"1,30",,650 B.C.,YES
Sabine,char-offset:95815,PLACE,http://pleiades.stoa.org/places/423028,Sabina,41.875,12.625,region,"1,34",,625 B.C.,YES
Sabine,char-offset:95944,PLACE,http://pleiades.stoa.org/places/423028,Sabina,41.875,12.625,region,"1,34",,625 B.C.,YES
Sabine,char-offset:104201,PLACE,http://pleiades.stoa.org/places/423028,Sabina,41.875,12.625,region,"1,37",,600 B.C.,YES
Sabine,char-offset:104754,PLACE,http://pleiades.stoa.org/places/423028,Sabina,41.875,12.625,region,"1,37",,600 B.C.,YES
Sabine,char-offset:105755,PLACE,http://pleiades.stoa.org/places/423028,Sabina,41.875,12.625,region,"1,38",,600 B.C.,YES
Sabine,char-offset:106409,PLACE,http://pleiades.stoa.org/places/423028,Sabina,41.875,12.625,region,"1,38",,600 B.C.,YES
Sabine,char-offset:106811,PLACE,http://pleiades.stoa.org/places/423028,Sabina,41.875,12.625,region,"1,38",,600 B.C.,YES
Sabine,char-offset:122976,PLACE,http://pleiades.stoa.org/places/423028,Sabina,41.875,12.625,region,"1,45",,550 B.C.,YES
Sabine,char-offset:123220,PLACE,http://pleiades.stoa.org/places/423028,Sabina,41.875,12.625,region,"1,45",,550 B.C.,YES
Sabine,char-offset:23208,PLACE,http://pleiades.stoa.org/places/423028,Sabina,41.875,12.625,region,"1,9",,750 B.C.,YES
Sabine city,char-offset:45861,PLACE,http://pleiades.stoa.org/places/423028,Sabina,41.875,12.625,region,"1,18",,710 B.C.,YES
Sabines,char-offset:26040,PEOPLE,http://pleiades.stoa.org/places/413291,Sabini,42.25,12.75,people,"1,10",,750 B.C.,YES
Sabines,char-offset:29126,PEOPLE,http://pleiades.stoa.org/places/413291,Sabini,42.25,12.75,people,"1,11",,750 B.C.,YES
Sabines,char-offset:29816,PEOPLE,http://pleiades.stoa.org/places/413291,Sabini,42.25,12.75,people,"1,11",,750 B.C.,YES
Sabines,char-offset:30292,PEOPLE,http://pleiades.stoa.org/places/413291,Sabini,42.25,12.75,people,"1,12",,750 B.C.,YES
Sabines,char-offset:30687,PEOPLE,http://pleiades.stoa.org/places/413291,Sabini,42.25,12.75,people,"1,12",,750 B.C.,YES
Sabines,char-offset:31193,PEOPLE,http://pleiades.stoa.org/places/413291,Sabini,42.25,12.75,people,"1,12",,750 B.C.,YES
Sabines,char-offset:31930,PEOPLE,http://pleiades.stoa.org/places/413291,Sabini,42.25,12.75,people,"1,12",,750 B.C.,YES
Sabines,char-offset:32541,PEOPLE,http://pleiades.stoa.org/places/413291,Sabini,42.25,12.75,people,"1,12",,750 B.C.,YES
Sabines,char-offset:32708,PEOPLE,http://pleiades.stoa.org/places/413291,Sabini,42.25,12.75,people,"1,12",,750 B.C.,YES
Sabines,char-offset:32890,PEOPLE,http://pleiades.stoa.org/places/413291,Sabini,42.25,12.75,people,"1,12",,750 B.C.,YES
Sabines,char-offset:34275,PEOPLE,http://pleiades.stoa.org/places/413291,Sabini,42.25,12.75,people,"1,13",,750 B.C.,YES
Sabines,char-offset:55697,PEOPLE,http://pleiades.stoa.org/places/413291,Sabini,42.25,12.75,people,"1,22",,710 B.C.,YES
Sabines,char-offset:82037,PEOPLE,http://pleiades.stoa.org/places/413291,Sabini,42.25,12.75,people,"1,30",,650 B.C.,YES
Sabines,char-offset:82302,PEOPLE,http://pleiades.stoa.org/places/413291,Sabini,42.25,12.75,people,"1,30",,650 B.C.,YES
Sabines,char-offset:82467,PEOPLE,http://pleiades.stoa.org/places/413291,Sabini,42.25,12.75,people,"1,30",,650 B.C.,YES
Sabines,char-offset:82906,PEOPLE,http://pleiades.stoa.org/places/413291,Sabini,42.25,12.75,people,"1,30",,650 B.C.,YES
Sabines,char-offset:91884,PEOPLE,http://pleiades.stoa.org/places/413291,Sabini,42.25,12.75,people,"1,33",,625 B.C.,YES
Sabines,char-offset:100955,PEOPLE,http://pleiades.stoa.org/places/413291,Sabini,42.25,12.75,people,"1,36",,600 B.C.,YES
Sabines,char-offset:103252,PEOPLE,http://pleiades.stoa.org/places/413291,Sabini,42.25,12.75,people,"1,37",,600 B.C.,YES
Sabines,char-offset:103654,PEOPLE,http://pleiades.stoa.org/places/413291,Sabini,42.25,12.75,people,"1,37",,600 B.C.,YES
Sabines,char-offset:104304,PEOPLE,http://pleiades.stoa.org/places/413291,Sabini,42.25,12.75,people,"1,37",,600 B.C.,YES
Sabines,char-offset:104846,PEOPLE,http://pleiades.stoa.org/places/413291,Sabini,42.25,12.75,people,"1,37",,600 B.C.,YES
Sabines,char-offset:105130,PEOPLE,http://pleiades.stoa.org/places/413291,Sabini,42.25,12.75,people,"1,38",,600 B.C.,YES
Sabines,char-offset:122257,PEOPLE,http://pleiades.stoa.org/places/413291,Sabini,42.25,12.75,people,"1,45",,550 B.C.,YES
Samos,char-offset:46049,PLACE,http://pleiades.stoa.org/places/599926,"Samos|Samos (island)|Samos Ins./Samus Ins., Samos|Samos, Samos|Heraion|Heraion, Heraion",37.73,26.84,"island,sanctuary,settlement,temple-2","1,18",,710 B.C.,YES
Servilii,char-offset:81457,PLACE,http://pleiades.stoa.org/places/422824,"Alba Longa?|Alba Longa?, Castel Gandolfo",41.746447,12.65048,settlement,"1,30",,650 B.C.,YES
Sicily,char-offset:1070,PLACE,http://pleiades.stoa.org/places/462492,Sicilia (island),37.53667612,14.08648465,island,"1,1",,1200 B.C.,YES
Sicily,char-offset:1108,PLACE,http://pleiades.stoa.org/places/462492,Sicilia (island),37.53667612,14.08648465,island,"1,1",,1200 B.C.,YES
Signia,char-offset:151377,PLACE,http://pleiades.stoa.org/places/423072,"Signia|Signia, Segni",41.695274,13.026189,"settlement,temple-2","1,56",,510 B.C.,YES
Silva Malitiosa,char-offset:83474,PLACE,,,,,,"1,30",,650 B.C.,YES
Straits of Messina,char-offset:4524,PLACE,http://pleiades.stoa.org/places/462494,Siculum Fretum,38.260268,15.660384,water-open,"1,2",,1200 B.C.,YES
Tarpeian Mount,char-offset:148338,PLACE,http://pleiades.stoa.org/places/347036492,Capitolinus Mons,41.8925778,12.4822154,hill,"1,41",,,YES
Tarquinii,char-offset:94551,PLACE,http://pleiades.stoa.org/places/413332,"Tarchna/Tarquinii|Tarquinii/Tarchonion, Tarquinia|Pian di Civita, Tarquinia|Monterozzi, Tarquinia",42.2594737,11.8032392,"city-wall,sanctuary,settlement,city-gate","1,34",,625 B.C.,YES
Tarquinii,char-offset:95565,PLACE,http://pleiades.stoa.org/places/413332,"Tarchna/Tarquinii|Tarquinii/Tarchonion, Tarquinia|Pian di Civita, Tarquinia|Monterozzi, Tarquinia",42.2594737,11.8032392,"city-wall,sanctuary,settlement,city-gate","1,34",,625 B.C.,YES
Tarquinii,char-offset:127724,PLACE,http://pleiades.stoa.org/places/413332,"Tarchna/Tarquinii|Tarquinii/Tarchonion, Tarquinia|Pian di Civita, Tarquinia|Monterozzi, Tarquinia",42.2594737,11.8032392,"city-wall,sanctuary,settlement,city-gate","1,34",,625 B.C.,YES
Tarquinii,char-offset:128103,PLACE,http://pleiades.stoa.org/places/413332,"Tarchna/Tarquinii|Tarquinii/Tarchonion, Tarquinia|Pian di Civita, Tarquinia|Monterozzi, Tarquinia",42.2594737,11.8032392,"city-wall,sanctuary,settlement,city-gate","1,47",,530 B.C.,YES
Tarquinii,char-offset:94387,PLACE,http://pleiades.stoa.org/places/413332,"Tarchna/Tarquinii|Tarquinii/Tarchonion, Tarquinia|Pian di Civita, Tarquinia|Monterozzi, Tarquinia",42.2594737,11.8032392,"city-wall,sanctuary,settlement,city-gate","1,56",,510 B.C.,YES
Tarquins,char-offset:148437,PEOPLE,http://pleiades.stoa.org/places/413332,"Tarchna/Tarquinii|Tarquinii/Tarchonion, Tarquinia|Pian di Civita, Tarquinia|Monterozzi, Tarquinia",42.2594737,11.8032392,"city-wall,sanctuary,settlement,city-gate","1,47",,530 B.C.,YES
Tarquins,char-offset:152956,PEOPLE,http://pleiades.stoa.org/places/413332,"Tarchna/Tarquinii|Tarquinii/Tarchonion, Tarquinia|Pian di Civita, Tarquinia|Monterozzi, Tarquinia",42.2594737,11.8032392,"city-wall,sanctuary,settlement,city-gate","1,55",,520 B.C.,YES
Tarquins,char-offset:153598,PEOPLE,http://pleiades.stoa.org/places/413332,"Tarchna/Tarquinii|Tarquinii/Tarchonion, Tarquinia|Pian di Civita, Tarquinia|Monterozzi, Tarquinia",42.2594737,11.8032392,"city-wall,sanctuary,settlement,city-gate","1,56",,510 B.C.,YES
Tarquins,char-offset:156316,PEOPLE,http://pleiades.stoa.org/places/413332,"Tarchna/Tarquinii|Tarquinii/Tarchonion, Tarquinia|Pian di Civita, Tarquinia|Monterozzi, Tarquinia",42.2594737,11.8032392,"city-wall,sanctuary,settlement,city-gate","1,56",,510 B.C.,YES
Tellenae,char-offset:92165,PLACE,http://pleiades.stoa.org/places/438850,Tellena,,,unlocated,"1,57",,510 B.C.,NO
Tiber,char-offset:38953,PLACE,http://pleiades.stoa.org/places/423080,Tiberis (river),42.7082004,12.36927719,river,"1,14",,750 B.C.,YES
Tiber,char-offset:72996,PLACE,http://pleiades.stoa.org/places/423080,Tiberis (river),42.7082004,12.36927719,river,"1,15",,750 B.C.,YES
Tiber,char-offset:73046,PLACE,http://pleiades.stoa.org/places/423080,Tiberis (river),42.7082004,12.36927719,river,"1,27",,670 B.C.,YES
Tiber,char-offset:93361,PLACE,http://pleiades.stoa.org/places/423080,Tiberis (river),42.7082004,12.36927719,river,"1,27",,670 B.C.,YES
Tiber,char-offset:8407,PLACE,http://pleiades.stoa.org/places/423080,Tiberis (river),42.7082004,12.36927719,river,"1,3",,1200-800 B.C.,YES
Tiber,char-offset:6525,PLACE,http://pleiades.stoa.org/places/423080,Tiberis (river),42.7082004,12.36927719,river,"1,33",,625 B.C.,YES
Tiber,char-offset:103819,PLACE,http://pleiades.stoa.org/places/423080,Tiberis (river),42.7082004,12.36927719,river,"1,33",,625 B.C.,YES
Tiber,char-offset:106684,PLACE,http://pleiades.stoa.org/places/423080,Tiberis (river),42.7082004,12.36927719,river,"1,37",,600 B.C.,YES
Tiber,char-offset:123573,PLACE,http://pleiades.stoa.org/places/423080,Tiberis (river),42.7082004,12.36927719,river,"1,38",,600 B.C.,YES
Tiber,char-offset:15350,PLACE,http://pleiades.stoa.org/places/423080,Tiberis (river),42.7082004,12.36927719,river,"1,4",,,YES
Tiber,char-offset:36663,PLACE,http://pleiades.stoa.org/places/423080,Tiberis (river),42.7082004,12.36927719,river,"1,7",,750 B.C.,YES
Titienses,char-offset:101415,PEOPLE,,,,,,"1,13",,750 B.C.,NO
Titienses,char-offset:35165,PEOPLE,,,,,,"1,45",,550 B.C.,NO
Trojan state,char-offset:3886,PLACE,http://pleiades.stoa.org/places/550595,"Ilium/Troia|Ilium/Troia, Hisarlk",39.9577,26.23873,settlement,"1,36",,600 B.C.,YES
Trojans,char-offset:671,PEOPLE,http://pleiades.stoa.org/places/550595,"Ilium/Troia|Ilium/Troia, Hisarlk",39.9577,26.23873,settlement,"1,1",,1200 B.C.,YES
Trojans,char-offset:1218,PEOPLE,http://pleiades.stoa.org/places/550595,"Ilium/Troia|Ilium/Troia, Hisarlk",39.9577,26.23873,settlement,"1,1",,1200 B.C.,YES
Trojans,char-offset:2153,PEOPLE,http://pleiades.stoa.org/places/550595,"Ilium/Troia|Ilium/Troia, Hisarlk",39.9577,26.23873,settlement,"1,1",,1200 B.C.,YES
Trojans,char-offset:2869,PEOPLE,http://pleiades.stoa.org/places/550595,"Ilium/Troia|Ilium/Troia, Hisarlk",39.9577,26.23873,settlement,"1,1",,1200 B.C.,YES
Trojans,char-offset:3170,PEOPLE,http://pleiades.stoa.org/places/550595,"Ilium/Troia|Ilium/Troia, Hisarlk",39.9577,26.23873,settlement,"1,1",,1200 B.C.,YES
Trojans,char-offset:101,PEOPLE,http://pleiades.stoa.org/places/550595,"Ilium/Troia|Ilium/Troia, Hisarlk",39.9577,26.23873,settlement,"1,2",,1200 B.C.,YES
Trojans,char-offset:3542,PEOPLE,http://pleiades.stoa.org/places/550595,"Ilium/Troia|Ilium/Troia, Hisarlk",39.9577,26.23873,settlement,"1,2",,1200 B.C.,YES
Trojans,char-offset:4284,PEOPLE,http://pleiades.stoa.org/places/550595,"Ilium/Troia|Ilium/Troia, Hisarlk",39.9577,26.23873,settlement,"1,2",,1200 B.C.,YES
Troy,char-offset:587,PLACE,http://pleiades.stoa.org/places/550595,"Ilium/Troia|Ilium/Troia, Hisarlk",39.9577,26.23873,settlement,"1,1",,1200 B.C.,YES
Troy,char-offset:809,PLACE,http://pleiades.stoa.org/places/550595,"Ilium/Troia|Ilium/Troia, Hisarlk",39.9577,26.23873,settlement,"1,1",,1200 B.C.,YES
Troy,char-offset:1190,PLACE,http://pleiades.stoa.org/places/550595,"Ilium/Troia|Ilium/Troia, Hisarlk",39.9577,26.23873,settlement,"1,1",,1200 B.C.,YES
Troy,char-offset:57746,PLACE,http://pleiades.stoa.org/places/550595,"Ilium/Troia|Ilium/Troia, Hisarlk",39.9577,26.23873,settlement,"1,1",,1200 B.C.,YES
Troy,char-offset:72,PLACE,http://pleiades.stoa.org/places/550595,"Ilium/Troia|Ilium/Troia, Hisarlk",39.9577,26.23873,settlement,"1,2",,1200 B.C.,YES
Tullii,char-offset:81445,PEOPLE,http://pleiades.stoa.org/places/422824,"Alba Longa?|Alba Longa?, Castel Gandolfo",41.746447,12.65048,settlement,"1,23",,670 B.C.,YES
Tusculum,char-offset:135190,PLACE,http://pleiades.stoa.org/places/423108,"Tusculum|Tusculum, Tuscolo, Monte Porzio Catone",41.798322,12.709916,"amphitheatre,theatre,settlement","1,51",,530 B.C.,YES
Urbius Clivus,char-offset:132122,PLACE,,,,,,"1,49",,530 B.C.,NO
Veientes,char-offset:39112,PEOPLE,http://pleiades.stoa.org/places/423116,"Veii|Veii, Veio, Roma",42.02273,12.40191,"settlement,urban","1,15",,750 B.C.,YES
Veientes,char-offset:39661,PEOPLE,http://pleiades.stoa.org/places/423116,"Veii|Veii, Veio, Roma",42.02273,12.40191,"settlement,urban","1,15",,750 B.C.,YES
Veientes,char-offset:83079,PEOPLE,http://pleiades.stoa.org/places/423116,"Veii|Veii, Veio, Roma",42.02273,12.40191,"settlement,urban","1,15",,750 B.C.,YES
Veientes,char-offset:38417,PEOPLE,http://pleiades.stoa.org/places/423116,"Veii|Veii, Veio, Roma",42.02273,12.40191,"settlement,urban","1,48",,530 B.C.,YES
Veientines,char-offset:74966,PEOPLE,http://pleiades.stoa.org/places/423116,"Veii|Veii, Veio, Roma",42.02273,12.40191,"settlement,urban","1,27",,670 B.C.,YES
Veientines,char-offset:93926,PEOPLE,http://pleiades.stoa.org/places/423116,"Veii|Veii, Veio, Roma",42.02273,12.40191,"settlement,urban","1,27",,670 B.C.,YES
Veientines,char-offset:73243,PEOPLE,http://pleiades.stoa.org/places/423116,"Veii|Veii, Veio, Roma",42.02273,12.40191,"settlement,urban","1,30",,650 B.C.,YES
Veientines,char-offset:114639,PEOPLE,http://pleiades.stoa.org/places/423116,"Veii|Veii, Veio, Roma",42.02273,12.40191,"settlement,urban","1,33",,625 B.C.,YES
Veii,char-offset:38814,PLACE,http://pleiades.stoa.org/places/423116,"Veii|Veii, Veio, Roma",42.02273,12.40191,"settlement,urban","1,42",,570 B.C.,YES
Veneti,char-offset:899,PLACE,http://pleiades.stoa.org/places/138643,Venetia,47.5,-3.5,unknown,"1,15",,750 B.C.,YES
Via Nova,char-offset:112815,PLACE,http://pleiades.stoa.org/places/926033983,Via Claudia Nova,42.27562437,13.54969537,road,"1,1",,1200 B.C.,YES
Vicus Sceleratus,char-offset:132410,PLACE,http://pleiades.stoa.org/places/866548110,Auditorium Maecenatis,41.8940964,12.5012225,architecturalcomplex,"1,41",,570 B.C.,YES
Viminal,char-offset:120110,PLACE,,,,,,"1,48",,530 B.C.,NO
Volsci,char-offset:144481,PEOPLE,http://pleiades.stoa.org/places/433208,Volsci,41.60201343,13.17762716,people,"1,58",,510 B.C.,YES
Volscians,char-offset:142687,PEOPLE,http://pleiades.stoa.org/places/433208,Volsci,41.60201343,13.17762716,people,"1,53",,530 B.C.,YES
